Judul,Penerbit,Link,Tanggal Published
Tok! Anak Ali Khamenei Mojtaba Khamenei Jadi Pemimpin Tertinggi Iran,CNN,https://www.cnnindonesia.com/internasional/20260309044622-120-1335708/tok-anak-ali-khamenei-mojtaba-khamenei-jadi-pemimpin-tertinggi-iran,09 Maret 2026
Dewan Ulama Sudah Hampir Sepakat Pilih Pengganti Ali Khamenei,CNN,https://www.cnnindonesia.com/internasional/20260308175536-120-1335651/dewan-ulama-sudah-hampir-sepakat-pilih-pengganti-ali-khamenei,09 Maret 2026
Trump Konfirmasi Kematian Pemimpin Tertinggi Iran Ali Khamenei,CNN,https://www.cnnindonesia.com/internasional/20260301044904-134-1332937/trump-konfirmasi-kematian-pemimpin-tertinggi-iran-ali-khamenei,01 Maret 2026
Waktu Terbunuhnya Pemimpin Iran Ayatollah Ali Khamenei Terungkap,CNN,https://www.cnnindonesia.com/internasional/20260301090739-120-1332969/waktu-terbunuhnya-pemimpin-iran-ayatollah-ali-khamenei-terungkap,02 Maret 2026
Hamas Ucapkan Belasungkawa Atas Kematian Khamenei,CNN,https://www.cnnindonesia.com/internasional/20260301174003-120-1333089/hamas-ucapkan-belasungkawa-atas-kematian-khamenei,02 Maret 2026
Netanyahu Klaim Pemimpin Tertinggi Iran Ali Khamenei Tewas,CNN,https://www.cnnindonesia.com/internasional/20260301035703-120-1332929/netanyahu-klaim-pemimpin-tertinggi-iran-ali-khamenei-tewas,01 Maret 2026
"Siapa Ali Larijani, Tangan Kanan yang Diisukan Jadi Penerus Khamenei?",CNN,https://www.cnnindonesia.com/internasional/20260302150421-120-1333432/siapa-ali-larijani-tangan-kanan-yang-diisukan-jadi-penerus-khamenei,03 Maret 2026
"Megawati Kirim Surat Duka Atas Kematian Khamenei, Kecam AS-Israel",CNN,https://www.cnnindonesia.com/nasional/20260303180218-32-1333939/megawati-kirim-surat-duka-atas-kematian-khamenei-kecam-as-israel,04 Maret 2026
Prabowo Kirim Surat Jelang Pemakaman Ali Khamenei,CNN,https://www.cnnindonesia.com/internasional/20260305065848-120-1334462/prabowo-kirim-surat-jelang-pemakaman-ali-khamenei,06 Maret 2026
Iran Mulai Proses Transisi Kekuasaan Usai Kematian Khamenei,CNN,https://www.cnnindonesia.com/internasional/20260301113942-120-1333012/iran-mulai-proses-transisi-kekuasaan-usai-kematian-khamenei,02 Maret 2026
Iran Tuding Ada Upaya Pecah Belah Usai Kematian Khamenei,CNN,https://www.cnnindonesia.com/internasional/20260301134636-120-1333046/iran-tuding-ada-upaya-pecah-belah-usai-kematian-khamenei,02 Maret 2026
"Raungan Tangis dan Perayaan, Iran Terbelah Sikapi Kematian Khamenei?",CNN,https://www.cnnindonesia.com/internasional/20260301104905-120-1333003/raungan-tangis-dan-perayaan-iran-terbelah-sikapi-kematian-khamenei,02 Maret 2026
"Garda Revolusi Iran Berduka, Bersumpah Balas Dendam Kematian Khamenei",CNN,https://www.cnnindonesia.com/internasional/20260301094313-120-1332984/garda-revolusi-iran-berduka-bersumpah-balas-dendam-kematian-khamenei,02 Maret 2026
Presiden Iran: Balas Dendam Kematian Khamenei Adalah Kewajiban dan Hak,CNN,https://www.cnnindonesia.com/internasional/20260301165228-120-1333083/presiden-iran-balas-dendam-kematian-khamenei-adalah-kewajiban-dan-hak,02 Maret 2026
"Iran Mau Balas Kematian Khamenei, Trump Ancam Serangan Lebih Dahsyat",CNN,https://www.cnnindonesia.com/internasional/20260301125649-134-1333040/iran-mau-balas-kematian-khamenei-trump-ancam-serangan-lebih-dahsyat,02 Maret 2026
9 Orang Tewas Saat Demo Kematian Khamenei di Konsulat AS di Pakistan,CNN,https://www.cnnindonesia.com/internasional/20260301213329-113-1333152/9-orang-tewas-saat-demo-kematian-khamenei-di-konsulat-as-di-pakistan,02 Maret 2026
Iran Ancam Blokir Ekspor Minyak ke Sekutu AS-Israel Selama Perang,CNN,https://www.cnnindonesia.com/ekonomi/20260310174159-85-1336495/iran-ancam-blokir-ekspor-minyak-ke-sekutu-as-israel-selama-perang,10 Maret 2026
"Warga Iran Tumpah Ruah ke Jalan, Sumpah Setia ke Mojtaba Khamenei",CNN,https://www.cnnindonesia.com/internasional/20260310152551-120-1336431/warga-iran-tumpah-ruah-ke-jalan-sumpah-setia-ke-mojtaba-khamenei,10 Maret 2026
Macron Sebut Prancis dan Sekutu Ingin Buka Paksa Selat Hormuz,CNN,https://www.cnnindonesia.com/internasional/20260310133805-120-1336353/macron-sebut-prancis-dan-sekutu-ingin-buka-paksa-selat-hormuz,10 Maret 2026
Presiden Iran Ucap Sumpah Setia ke Mojtaba Khamenei,CNN,https://www.cnnindonesia.com/internasional/20260310133029-120-1336341/presiden-iran-ucap-sumpah-setia-ke-mojtaba-khamenei,10 Maret 2026
"Tolak Dikhianati AS 2 Kali, Iran Ogah Lanjut Negosiasi Nuklir",CNN,https://www.cnnindonesia.com/internasional/20260310155230-120-1336440/tolak-dikhianati-as-2-kali-iran-ogah-lanjut-negosiasi-nuklir,11 Maret 2026
Khamenei: Trump Bertanggung Jawab Atas Kematian Warga Iran,CNN,https://www.cnnindonesia.com/internasional/20260117210044-120-1318038/khamenei-trump-bertanggung-jawab-atas-kematian-warga-iran,11 Januari 2026
"Mojtaba Khamenei Kandidat Kuat Pengganti Ali Khamenei, Siapa Dia?",CNN,https://www.cnnindonesia.com/internasional/20260304191525-120-1334389/mojtaba-khamenei-kandidat-kuat-pengganti-ali-khamenei-siapa-dia,05 Maret 2026
"Pemakaman Ayatollah Ali Khamenei Ditunda, Ada Apa?",CNN,https://www.cnnindonesia.com/internasional/20260304192416-120-1334390/pemakaman-ayatollah-ali-khamenei-ditunda-ada-apa,05 Maret 2026
Ali Khamenei: Trump Baru Puas jika Iran Menyerah-Kalah,CNN,https://www.cnnindonesia.com/internasional/20250626193304-120-1244289/ali-khamenei-trump-baru-puas-jika-iran-menyerah-kalah,11 Juli 2025
Ali Khamenei yang Diyakini Umat Syiah Keturunan Nabi Muhammad,CNN,https://www.cnnindonesia.com/internasional/20250625203532-120-1243871/ali-khamenei-yang-diyakini-umat-syiah-keturunan-nabi-muhammad,11 Juli 2025
"Ali Khamenei Serukan Muslim Bersatu, Abaikan Pertentangan Sunni-Syiah",CNN,https://www.cnnindonesia.com/internasional/20250625162113-120-1243783/ali-khamenei-serukan-muslim-bersatu-abaikan-pertentangan-sunni-syiah,11 Juli 2025
Israel Kembali Bombardir Teheran Iran usai Pidato Ali Khamenei,CNN,https://www.cnnindonesia.com/internasional/20250618200938-120-1241225/israel-kembali-bombardir-teheran-iran-usai-pidato-ali-khamenei,11 Juni 2025
"AS Serang Iran, Ini Prediksi Pakar soal Respons Ali Khamenei",CNN,https://www.cnnindonesia.com/internasional/20250622091650-120-1242393/as-serang-iran-ini-prediksi-pakar-soal-respons-ali-khamenei,11 Juni 2025
"Perang Israel vs Iran, di Mana Keberadaan Ayatollah Ali Khamenei?",CNN,https://www.cnnindonesia.com/internasional/20250616071256-120-1240052/perang-israel-vs-iran-di-mana-keberadaan-ayatollah-ali-khamenei,11 Juni 2025
Trump Klaim Selamatkan Khamenei dari Kematian Memalukan Dibunuh Israel,CNN,https://www.cnnindonesia.com/internasional/20250628052235-134-1244558/trump-klaim-selamatkan-khamenei-dari-kematian-memalukan-dibunuh-israel,11 Juli 2025
5 Fakta Misteri Kematian Aktris Pakistan Humaira Asghar Ali,CNN,https://www.cnnindonesia.com/hiburan/20250711154811-234-1249666/5-fakta-misteri-kematian-aktris-pakistan-humaira-asghar-ali,11 Juli 2025
Hampir Separuh Anggota DPR Absen di Paripurna Jelang Lebaran,CNN,https://www.cnnindonesia.com/nasional/20260310105918-32-1336251/hampir-separuh-anggota-dpr-absen-di-paripurna-jelang-lebaran,10 Maret 2026
"Macron Sindir Trump, Rezim Iran Tak Bisa Digulingkan Cuma Pakai Bom",CNN,https://www.cnnindonesia.com/internasional/20260310103436-134-1336236/macron-sindir-trump-rezim-iran-tak-bisa-digulingkan-cuma-pakai-bom,10 Maret 2026
Ali Khamenei Anggap Israel Sudah 'Game Over' jika AS Tak Ikut Campur,CNN,https://www.cnnindonesia.com/internasional/20250626184532-120-1244264/ali-khamenei-anggap-israel-sudah-game-over-jika-as-tak-ikut-campur,11 Juli 2025
Israel Ancam Bunuh Siapapun Pengganti Ali Khamenei,CNN,https://www.cnnindonesia.com/internasional/20260304161927-120-1334325/israel-ancam-bunuh-siapapun-pengganti-ali-khamenei,05 Maret 2026
"Ini Pengalaman Perang Mojtaba Khamenei, Sempat Terluka Bela Iran",CNN,https://www.cnnindonesia.com/internasional/20260309142334-120-1335945/ini-pengalaman-perang-mojtaba-khamenei-sempat-terluka-bela-iran,10 Maret 2026
Kontroversi Mojtaba Khamenei Jadi Pemimpin Iran Tanpa Gelar Ayatollah,CNN,https://www.cnnindonesia.com/internasional/20260309122829-120-1335874/kontroversi-mojtaba-khamenei-jadi-pemimpin-iran-tanpa-gelar-ayatollah,10 Maret 2026
"Mojtaba Khamenei Jadi Pemimpin Iran usai Ayah, Ibu, Istri Dibunuh AS",CNN,https://www.cnnindonesia.com/internasional/20260309105833-120-1335829/mojtaba-khamenei-jadi-pemimpin-iran-usai-ayah-ibu-istri-dibunuh-as,10 Maret 2026
Trump Gak Senang dan Irit Bicara usai Iran Pilih Mojtaba Khamenei,CNN,https://www.cnnindonesia.com/internasional/20260309102625-120-1335805/trump-gak-senang-dan-irit-bicara-usai-iran-pilih-mojtaba-khamenei,10 Maret 2026
Presiden Iran soal Mojtaba Pemimpin Tertinggi: Tandai Kekuatan Baru,CNN,https://www.cnnindonesia.com/internasional/20260309102753-120-1335806/presiden-iran-soal-mojtaba-pemimpin-tertinggi-tandai-kekuatan-baru,16 Jun 2025
"Anak Khamenei Jadi Pemimpin, Iran Dicap Sukses Bikin Malu AS-Israel",CNN,https://www.cnnindonesia.com/internasional/20260309082503-120-1335757/anak-khamenei-jadi-pemimpin-iran-dicap-sukses-bikin-malu-as-israel,18 Jun 2025
China Minta Negara Lain Jangan Ganggu Iran,CNN,https://www.cnnindonesia.com/internasional/20260309155930-113-1335998/china-minta-negara-lain-jangan-ganggu-iran,17 Jun 2025
IRGC Iran Respons Klaim Trump: Perang Selesai Tergantung Kami!,CNN,https://www.cnnindonesia.com/internasional/20260310084948-120-1336191/irgc-iran-respons-klaim-trump-perang-selesai-tergantung-kami,10 Maret 2026
Garda Revolusi Bersumpah Setia ke Mojtaba Pemimpin Tertinggi Baru Iran,CNN,https://www.cnnindonesia.com/internasional/20260309051649-120-1335710/garda-revolusi-bersumpah-setia-ke-mojtaba-pemimpin-tertinggi-baru-iran,06 Jul 2025
"Sosok Mojtaba Khamenei, Pemimpin Tertinggi Iran Baru Target AS-Israel",CNN,https://www.cnnindonesia.com/internasional/20260309054846-120-1335716/sosok-mojtaba-khamenei-pemimpin-tertinggi-iran-baru-target-as-israel,16 Jun 2025
Puan Pidato di DPR: Konflik Timur Tengah Potensi Ganggu Ekonomi RI,CNN,https://www.cnnindonesia.com/nasional/20260310110948-32-1336256/puan-pidato-di-dpr-konflik-timur-tengah-potensi-ganggu-ekonomi-ri,16 Jun 2025
Iran Punya Pemimpin Tertinggi Baru sampai Jadi Target Israel,CNN,https://www.cnnindonesia.com/internasional/20260309061745-120-1335724/iran-punya-pemimpin-tertinggi-baru-sampai-jadi-target-israel,17 Jun 2025
Respons China soal Pemimpin Tertinggi Baru Iran Mojtaba Khamenei,CNN,https://www.cnnindonesia.com/internasional/20260309150130-113-1335975/respons-china-soal-pemimpin-tertinggi-baru-iran-mojtaba-khamenei,19 Jun 2025
Mojtaba Khamenei Akan Dilantik Jadi Pemimpin Baru Iran Hari Ini,CNN,https://www.cnnindonesia.com/internasional/20260309180613-120-1336070/mojtaba-khamenei-akan-dilantik-jadi-pemimpin-baru-iran-hari-ini,17 Jun 2025
"RI Serukan AS, Israel, & Iran Hentikan Saling Serang",CNN,https://www.cnnindonesia.com/internasional/20260309175602-106-1336066/ri-serukan-as-israel-iran-hentikan-saling-serang,17 Jun 2025
"Dewan Ulama Hampir Rampung Pilih Penerus Khamenei, Israel Beri Ancaman",CNN,https://www.cnnindonesia.com/internasional/20260308180301-120-1335653/dewan-ulama-hampir-rampung-pilih-penerus-khamenei-israel-beri-ancaman,09 Maret 2026
"Putra Khamenei Jadi Pemimpin Tertinggi Iran Baru, Apa Kata AS-Israel?",CNN,https://www.cnnindonesia.com/internasional/20260309070451-120-1335735/putra-khamenei-jadi-pemimpin-tertinggi-iran-baru-apa-kata-as-israel,09 Maret 2026
"Mojtaba Khamenei, Ulama Pemimpin Tertinggi Iran Berharta Rp3 T Lebih",CNN,https://www.cnnindonesia.com/internasional/20260309100417-120-1335800/mojtaba-khamenei-ulama-pemimpin-tertinggi-iran-berharta-rp3-t-lebih,09 Maret 2026
"Rayakan Pemimpin Tertinggi Baru, Iran Tembak Rentetan Rudal ke Israel",CNN,https://www.cnnindonesia.com/internasional/20260309081427-120-1335751/rayakan-pemimpin-tertinggi-baru-iran-tembak-rentetan-rudal-ke-israel,09 Maret 2026
Trump soal Kemungkinan Akhiri Perang: Keputusan Bersama Netanyahu,CNN,https://www.cnnindonesia.com/internasional/20260309153408-120-1335989/trump-soal-kemungkinan-akhiri-perang-keputusan-bersama-netanyahu,09 Maret 2026
Putin Dukung Mojtaba Khamenei yang Terpilih Jadi Pemimpin Baru Iran,CNN,https://www.cnnindonesia.com/internasional/20260309182354-134-1336074/putin-dukung-mojtaba-khamenei-yang-terpilih-jadi-pemimpin-baru-iran,09 Maret 2026
Israel Ancam Kejar Semua Penerus Pemimpin Tertinggi Iran,CNN,https://www.cnnindonesia.com/internasional/20260308150032-120-1335608/israel-ancam-kejar-semua-penerus-pemimpin-tertinggi-iran,09 Maret 2026
AS Habiskan Rp101 T Selama Sepekan Perang Lawan Iran,CNN,https://www.cnnindonesia.com/internasional/20260309142957-134-1335949/as-habiskan-rp101-t-selama-sepekan-perang-lawan-iran,09 Maret 2026
NATO Cegat Lagi Rudal Kedua Iran Masuk Wilayah Udara Turki,CNN,https://www.cnnindonesia.com/internasional/20260309203326-134-1336102/nato-cegat-lagi-rudal-kedua-iran-masuk-wilayah-udara-turki,09 Maret 2026
JK Tekankan RI Boleh Dukung BoP Kalau Trump Mau Mengakui Palestina,CNN,https://www.cnnindonesia.com/nasional/20260308153612-20-1335626/jk-tekankan-ri-boleh-dukung-bop-kalau-trump-mau-mengakui-palestina,09 Maret 2026
"Kilang Minyak Bahrain Diserang, Bapco Energies Umumkan Force Majeur",CNN,https://www.cnnindonesia.com/ekonomi/20260309173746-85-1336055/kilang-minyak-bahrain-diserang-bapco-energies-umumkan-force-majeur,09 Maret 2026
Petinggi Irak Berduka Khamenei Tewas: Pemimpin Syuhada,CNN,https://www.cnnindonesia.com/internasional/20260301120927-120-1333020/petinggi-irak-berduka-khamenei-tewas-pemimpin-syuhada,09 Maret 2026
"Israel Serang Hotel di Beirut Lebanon, 4 Orang Tewas",CNN,https://www.cnnindonesia.com/internasional/20260308141600-120-1335604/israel-serang-hotel-di-beirut-lebanon-4-orang-tewas,09 Maret 2026
"Khamenei Tewas, Presiden Iran Ancam Balas Israel-Amerika Serikat",CNN,https://www.cnnindonesia.com/internasional/20260301121938-120-1333026/khamenei-tewas-presiden-iran-ancam-balas-israel-amerika-serikat,09 Maret 2026
"Makin Panas, Trump Mau Kirim Kapal Induk Ketiga buat Serang Iran",CNN,https://www.cnnindonesia.com/internasional/20260308082228-120-1335499/makin-panas-trump-mau-kirim-kapal-induk-ketiga-buat-serang-iran,09 Maret 2026
"Ditekan Trump, Presiden Iran Bersumpah Tak Akan Nyerah ke AS-Israel",CNN,https://www.cnnindonesia.com/internasional/20260307162513-120-1335429/ditekan-trump-presiden-iran-bersumpah-tak-akan-nyerah-ke-as-israel,11 Maret 2026
"Berhasil Pulang, Gading Marten Tiba dengan Selamat di Jakarta",CNN,https://www.cnnindonesia.com/hiburan/20260306135505-234-1335057/berhasil-pulang-gading-marten-tiba-dengan-selamat-di-jakarta,09 Maret 2026
"Putin Telepon Presiden Iran, Bahas Stop Perang & Ucapkan Duka Cita",CNN,https://www.cnnindonesia.com/internasional/20260307151626-120-1335390/putin-telepon-presiden-iran-bahas-stop-perang-ucapkan-duka-cita,04 Maret 2026
"Iran Perang Habis-habisan Lawan AS, Kenapa Houthi Masih Diam?",CNN,https://www.cnnindonesia.com/internasional/20260309171236-120-1336049/iran-perang-habis-habisan-lawan-as-kenapa-houthi-masih-diam,09 Maret 2026
"Fakta Hari Ke-8 Perang Iran-AS: Trump Rugi Rp62 T 4 Hari, Rusia Untung",CNN,https://www.cnnindonesia.com/internasional/20260306210144-120-1335231/fakta-hari-ke-8-perang-iran-as-trump-rugi-rp62-t-4-hari-rusia-untung,11 Maret 2026
Pemimpin Tertinggi Iran Ali Khamenei: Lawan Perang Psikologis,CNN,https://www.cnnindonesia.com/internasional/20240815153715-120-1133453/pemimpin-tertinggi-iran-ali-khamenei-lawan-perang-psikologis,04 Maret 2026
Presiden Iran Minta Maaf ke Negara Arab yang Kena Imbas Perang Vs AS,CNN,https://www.cnnindonesia.com/internasional/20260307205612-120-1335467/presiden-iran-minta-maaf-ke-negara-arab-yang-kena-imbas-perang-vs-as,09 Maret 2026
JK soal BoP: Kalau Semua Berpihak ke AS-Israel Buat Apa Jadi Anggota?,CNN,https://www.cnnindonesia.com/internasional/20260306183636-106-1335166/jk-soal-bop-kalau-semua-berpihak-ke-as-israel-buat-apa-jadi-anggota,04 Maret 2026
Mojtaba Diklaim Punya Apartemen Mewah di London Dekat Kedubes Israel,CNN,https://www.cnnindonesia.com/internasional/20260310041409-134-1336131/mojtaba-diklaim-punya-apartemen-mewah-di-london-dekat-kedubes-israel,08 Maret 2026
"AS Klaim Akan Kuasai Penuh Wilayah Udara Iran, Sekitar 4-6 Pekan Lagi",CNN,https://www.cnnindonesia.com/internasional/20260307115946-134-1335328/as-klaim-akan-kuasai-penuh-wilayah-udara-iran-sekitar-4-6-pekan-lagi,08 Maret 2026
"China Kecam Perang Timur Tengah, Minta AS Kelola Perbedaan",CNN,https://www.cnnindonesia.com/internasional/20260308130837-113-1335598/china-kecam-perang-timur-tengah-minta-as-kelola-perbedaan,09 Maret 2026
Kemlu RI: Pembahasan Board of Peace Ditangguhkan,CNN,https://www.cnnindonesia.com/internasional/20260307091540-106-1335281/kemlu-ri-pembahasan-board-of-peace-ditangguhkan,09 Maret 2026
Fakta-fakta Hari ke-8 Perang Iran vs AS-Israel,CNN,https://www.cnnindonesia.com/internasional/20260308075607-120-1335496/fakta-fakta-hari-ke-8-perang-iran-vs-as-israel,09 Maret 2026
Penyataan Lengkap Khamenei soal Kematian Pemimpin Hamas Haniyeh,CNN,https://www.cnnindonesia.com/internasional/20240801153215-120-1128133/penyataan-lengkap-khamenei-soal-kematian-pemimpin-hamas-haniyeh,09 Maret 2026
Pemuka Agama AS Doakan Trump: Terus Berikan Presiden Kami Kekuatan,CNN,https://www.cnnindonesia.com/internasional/20260307081315-134-1335274/pemuka-agama-as-doakan-trump-terus-berikan-presiden-kami-kekuatan,09 Maret 2026
"Kemlu Belum Rencana Evakuasi WNI dari Lebanon, Mayoritas Personel TNI",CNN,https://www.cnnindonesia.com/internasional/20260306133642-106-1335050/kemlu-belum-rencana-evakuasi-wni-dari-lebanon-mayoritas-personel-tni,11 Maret 2026
Trump soal Mojtaba Pemimpin Baru Iran: Mereka Bikin Kesalahan Besar,CNN,https://www.cnnindonesia.com/internasional/20260310032017-134-1336127/trump-soal-mojtaba-pemimpin-baru-iran-mereka-bikin-kesalahan-besar,08 Maret 2026
"Iran Sebut Pengganti Khamenei Segera Dipilih, Siapakah Dia?",CNN,https://www.cnnindonesia.com/internasional/20260303145726-120-1333868/iran-sebut-pengganti-khamenei-segera-dipilih-siapakah-dia,08 Maret 2026
Israel Berdalih Pembunuhan Khamenei Sesuai Hukum Internasional,CNN,https://www.cnnindonesia.com/internasional/20260306062827-120-1334877/israel-berdalih-pembunuhan-khamenei-sesuai-hukum-internasional,11 Maret 2026
Utusan Iran di PBB: 1.332 Warga Sipil Tewas dalam Perang,CNN,https://www.cnnindonesia.com/internasional/20260307064928-120-1335264/utusan-iran-di-pbb-1332-warga-sipil-tewas-dalam-perang,09 Maret 2026
"Video Propaganda Gempur Iran, AS Comot Klip Top Gun hingga Superman",CNN,https://www.cnnindonesia.com/hiburan/20260306163942-220-1335138/video-propaganda-gempur-iran-as-comot-klip-top-gun-hingga-superman,08 Maret 2026
"Khamenei Tewas, Bagaimana Proses Iran Tunjuk Pemimpin Tertinggi?",CNN,https://www.cnnindonesia.com/internasional/20260302213153-120-1333596/khamenei-tewas-bagaimana-proses-iran-tunjuk-pemimpin-tertinggi,08 Maret 2026
Istri Khamenei Meninggal Terluka Parah Imbas Serangan Israel-AS,CNN,https://www.cnnindonesia.com/internasional/20260303100712-120-1333694/istri-khamenei-meninggal-terluka-parah-imbas-serangan-israel-as,11 Maret 2026
Iran Siap Bikin Malu AS jika Berani Invasi Darat: Kami Tunggu Mereka,CNN,https://www.cnnindonesia.com/internasional/20260306075551-120-1334907/iran-siap-bikin-malu-as-jika-berani-invasi-darat-kami-tunggu-mereka,11 Maret 2026
Trump Persulit Jalur Diplomasi: Iran Harus Menyerah Tanpa Syarat!,CNN,https://www.cnnindonesia.com/internasional/20260307073832-134-1335270/trump-persulit-jalur-diplomasi-iran-harus-menyerah-tanpa-syarat,11 Maret 2026
Siapa Pengganti Khamenei Setelah Tewas Dibunuh AS-Israel?,CNN,https://www.cnnindonesia.com/internasional/20260301094139-120-1332983/siapa-pengganti-khamenei-setelah-tewas-dibunuh-as-israel,07 Maret 2026
Khamenei Perintah Iran Serang Langsung Israel Balas Kematian Bos Hamas,CNN,https://www.cnnindonesia.com/internasional/20240801071732-120-1127878/khamenei-perintah-iran-serang-langsung-israel-balas-kematian-bos-hamas,08 Maret 2026
Media Iran Konfirmasi Khamenei Tewas dalam Serangan AS-Israel,CNN,https://www.cnnindonesia.com/internasional/20260301083937-120-1332966/media-iran-konfirmasi-khamenei-tewas-dalam-serangan-as-israel,08 Maret 2026
Trump Ngotot Punya Hak Ikut Pilih Pemimpin Iran Pengganti Khamenei,CNN,https://www.cnnindonesia.com/internasional/20260306083018-134-1334913/trump-ngotot-punya-hak-ikut-pilih-pemimpin-iran-pengganti-khamenei,08 Maret 2026
Tudingan Serangan Iran ke Timteng dan False Flag Operation Israel,CNN,https://www.cnnindonesia.com/internasional/20260307064758-120-1335263/tudingan-serangan-iran-ke-timteng-dan-false-flag-operation-israel,07 Maret 2026
"RI Diminta Keluar BoP saat AS-Israel Bombardir Iran, Kemlu Buka Suara",CNN,https://www.cnnindonesia.com/internasional/20260306160310-106-1335119/ri-diminta-keluar-bop-saat-as-israel-bombardir-iran-kemlu-buka-suara,08 Maret 2026
"Perang AS-Israel vs Iran Membara, Kemlu Minta WNI Tunda Umrah",CNN,https://www.cnnindonesia.com/internasional/20260306133352-106-1335046/perang-as-israel-vs-iran-membara-kemlu-minta-wni-tunda-umrah,07 Maret 2026
Stadion-stadion Olahraga Iran Jadi Target Rudal AS-Israel,CNN,https://www.cnnindonesia.com/olahraga/20260306171747-178-1335146/stadion-stadion-olahraga-iran-jadi-target-rudal-as-israel,11 Maret 2026
Khamenei soal Kematian Bos Hamas: Tugas Kami Balas Darahnya ke Israel,CNN,https://www.cnnindonesia.com/internasional/20240731172249-120-1127724/khamenei-soal-kematian-bos-hamas-tugas-kami-balas-darahnya-ke-israel,07 Maret 2026