entity,frequency
Amerika Serikat,348
Amerika,297
Trump,258
Khamenei,221
Israel,128
Ali Khamenei,110
Ali,107
As Donald Trump,101
China,94
Indonesia,90
Al Jazeera,83
Islam,80
Saudi,72
To Continue With Content,57
Fars,51
Copyright,50
Mojtaba,49
Amerika Serikat Donald Trump,45
Donald Trump,43
Persia,39
Amerika Serikat As,38
Aviv,35
News,34
Februari,34
Anadolu,34
Jakarta,34
Allah,32
Rusia,30
Irgc,27
Sabtu,24
Washington,24
Amerika Serikat As Donald Trump,22
Araghchi,22
Inggris,21
Perancis,21
Asia,19
Qom,19
Tasnim,19
Australia,18
Israel Katz,18
News Agency,18
With Content,17
Afp,17
International,16
Basij,15
Shah,15
Truth Social,15
Mui,15
Epic Fury,14
With,14
Malaysia,14
Pahlavi,14
Reza Pahlavi,13
Netanyahu,13
April,12
Pakistan,12
Prancis,12
Baghaei,11
Assembly Of Experts,11
The New York Times,11
Bbc,11
Mojtaba Khamenei,10
Eropa,10
Rusia Vladimir,10
Provinsi,10
Jepang,10
Shirazi,10
Wicaksono Copyright,10
Turki,10
Santoso Copyright,10
Mashhad,9
Beijing,9
New York,9
Abu,9
Mousavi,8
United,8
De Facto,8
Nabi Muhammad Saw,8
Fox News,8
Sugiono,8
Nabi Muhammad,8
Serikat,8
Karachi,8
Korea,7
Aljazeera,7
Abc News,7
Riyadh,7
Cnn,7
Idf,7
New York Times,7
Muslimin,7
Larijani,7
Palestina,7
Gaza,7
Space,7
Felix Siauw,7
Yordania,7
Bahrain,7
Nabi,7
Putri,6
Ayatol,6
Houthi,6
Al Arab Iya,6
University,6
Truth,6
Muslim,6
Venezuela,6
Bandung,6
Prabowo,6
Kompascom,6
Associated Press,6
Bagherzadeh,6
Truth Social Trump,6
Korea Utara,6
Yunianto Copyright,6
Lahadalia,6
Dina,6
Marten,6
To Continue With,5
Via,5
Guard Corps Irgc,5
Charles,5
Hegseth,5
Allah Swt,5
The Hive,5
Ali Larijani,5
Xinhua,5
Uea,5
Singapura,5
Syiah,5
True Promise,5
Mohammed Pakpour,5
Filipina,4
At Your Command Sayyid Mojtaba,4
To Continue With Content Trump,4
The Guardian,4
China Wang Yi,4
Masoud Pezeshkian,4
Yogi Ernes,4
Qatar,4
Natanz,4
Hive Moderation,4
Amerika Serikatisrael,4
Quds,4
Reuters,4
Teddy,4
Al Mayadeen,4
Siauw,4
Intelligence Agency Cia,4
Lavrov,4
Tabriz,4
Mansoureh,4
Middle East Institute,4
Hojjatoleslam Mahmoudi,4
Mahmoudi,4
Novosti,4
Belanda,4
Norwegia,4
Esdm,4
Mehr,4
Advertisement,4
Mehr News,4
Ri Puan Maharani,3
Florida,3
Cnbc,3
Trump Trump,3
Graham,3
The Washington Institute For Near East Policy,3
Fox News Brian Kilmeade,3
Anadolu Mojtaba,3
Zhai,3
Swiss,3
London,3
Mohammad Naini,3
Aziz Nasirzadeh,3
Khomeini,3
Snsc,3
Safavi,3
Yahudi,3
Zahra,3
Moderation,3
Times,3
Al Jazeera Araghchi,3
Indonesia Mohammad Boroujerdi,3
Lincoln,3
Khamenei Trump,3
Jerman,3
Instagram,3
Engine,3
Social,3
Forbes,3
Indonesia Mohammad,3
Moradkhani,3
Ahmadinejad,3
Hossein Mousavi,3
Defence,3
Nbc,3
Centcom,3
Purwokerto Dr Agus Haryanto,3
Islam Irgc,3
Anadolu Agency,3
Islamic,3
Appstore,3
Playstore,3
Nicolas Maduro,3
Ibnu,3
Jordan Saudi Bahrain” Trump,3
Sunyi Trump,3
Islamic Republic News Agency,3
Eko,3
Ibrahim,3
Michael,3
Tokyo,3
Prabowo Subianto,3
Sofia Copyright,3
Abidin Copyright,3
Sumatera,3
Wang Yi,3
The Wall,3
Journal,3
Hormuz,3
Makassar,3
Humaira,3
Haniyeh,3
Rubio,3
Kuwait,3
Gcc,3
Iranred,2
News Weijia,2
To Continue With Content Baghaei,2
Australia Anthony Albanese,2
Australia Tony Burke,2
Bloomberg,2
Donald,2
To Continue With Content Mojtaba Khamenei,2
Mehdi Karroubi,2
Mehdi,2
Khamenei Houthi,2
Fox News Brian,2
South Carolina,2
Journal Wsj,2
Nuclear,2
High School,2
Islamic Revolutionary Guard Corps,2
Al Jazeera Senin Kilmeade,2
Amerika Serikat As Lindsey Graham,2
Al Jazeera Senin,2
Quds Irgc,2
Antonelli,2
Russell,2
China Guo Jiakun,2
Saudi Faisal Bin,2
Ansari,2
The Standard,2
Kensington,2
Leader,2
Supreme Leader,2
Ali Mohammad Naeini,2
Lion,2
To Continue With Content Masshad,2
Pakpour,2
Muslim Syiah,2
Wina,2
Jenewa,2
Nbc News,2
Pkb,2
The Conversation,2
Abdullah Bin Umar Ra,2
Zaid Bin Haritsah Ra,2
Bushra,2
An Imminent Conquest Holy Quran The Islamic Republic Will Triumph Over The Zionist Regime By The Will Of God Pictwittercomsuzvapavg,2
Insyaal,2
وَاُخْرٰى تُحِبُّوْنَهَاۗ نَصْرٌ مِّنَ اللّٰهِ وَفَتْحٌ قَرِيْبٌۗ وَبَشِّرِ الْمُؤْمِنِيْن,2
Saw,2
Maret,2
Copyright Pt,2
All Rights Reserved,2
Rakabuming,2
Sight Engine,2
California,2
Kompascom Ayatol,2
Jakarta Kompascom,2
Antonio Guterres,2
Ilahi,2
Hossein Jaber Ansari,2
Saudi Mansur,2
Sheikh Nimr Alnimr,2
Hossein Sajedinia,2
Dowlatabadi,2
Sheikh,2
Alnimr,2
Bbc Simon Cumbers,2
The Guardian Israel,2
Agence Francepresse,2
Rodriguez,2
Amerika Serikat Kanada,2
Daily Mail,2
Rouhani,2
Mohammed Bin Salman,2
Facebook,2
Press,2
Airbus Defence,2
Azerbaijan,2
Oktober,2
Naini,2
Washington Dc Kompascom,2
Wijaya,2
Mohammad Reza Pahlavi,2
Mesir,2
Shah Pahlavi,2
Grand,2
Washington Dc,2
Amini,2
Mohammad Ali,2
Comprehensive Plan,2
Action Jcpoa,2
Amerika Khamenei,2
Islamic Republic News Agency Irna,2
Iskandar,2
Board Of Peace,2
Masoud,2
Shamkhani,2
Nowruzi,2
World War,2
The,2
The World,2
Operation Epic Fury,2
Shiraz,2
Texas,2
Palestine Chronicle,2
’An,2
Pezeshkian,2
Command Centcom,2
News Israel,2
Sabtu Amerika Serikat Donald,2
Haifa,2
Mansoureh Khojasteh,2
Bekasi Khamenei,2
Via Bbc News,2
Al Khamenei,2
Islamic Revolutionary Guard Corps Irgc,2
Iran–As–Israel,2
As Ali,2
Banjarmasinpostcoid,2
Mokhber,2
Rahbari,2
Aceh,2
Times Of Israel,2
Bungo,2
Defiance,2
Barito,2
Zayn Al‑Abidin,2
Syarif Ali,2
Mohammad Bagher Ghalibaf,2
Ninditya Copyright,2
Istanbul,2
Senin,2
Arie Novarina Copyright,2
Fransiska Ninditya Copyright,2
Beirut,2
Red Crescent Society,2
Sayyed Javad,2
Igrc,2
Oil,2
Shanghai,2
Spanyol,2
Bahlil Lahadalia,2
Fars Irgc,2
Wni,2
Dewanto Copyright,2
Mao,2
First,2
Abbas Araghchi,2
Lahore,2
Ynet,2
To Continue With Content As,2
To Continue With Content Iran,2
Soetta,2
Islamabad,2
Miller,2
Humaira Asghar,2
Over,2
Persia Khamenei,2
Surabaya,2
Arab Saudi,2
Madinah,2
Fars News Agency,2
Ismail Haniyeh,2
Assembly Of Expert,2
Gholamreza,2
Jong,2
Korut,2
Mizan,2
Daud,2
Safe,2
Araki,2
As Baghaei,1
Bayu Baskoro Detikbali Australia,1
Al Arab Iya Senin,1
Via Truth Social,1
Hamoudi,1
The Lionesse Australia,1
Anthony,1
Al Jazeera Via Detiknews Senin Mojtaba,1
Epic Fury Trump,1
Via Detiknews Selasa Trump,1
Khamenei Mojtaba,1
Katz,1
Israel Mojtaba Khamenei,1
News Agencymojtaba Khamenei,1
Associated,1
West Asia News Agency Via Reutersmojtaba Khamenei,1
Bbc News Persian Mojtaba,1
Aljazeera Senin Houthi,1
Afp Senin Houthi,1
Mojtaba Khamenei Houthi,1
Wilda Hayatun Nufus,1
As Lindsey Graham,1
Sayyid Mojtaba,1
Seyyed Mojtaba Khamenei,1
The Guardian Mojtaba,1
United Against Nuclear,1
The Washington Institute For Near East Policy Mojtaba,1
Of Experts,1
Guard Corps,1
The Guardian Al Jazeera,1
Detikcom,1
To Continue With Content Mojtaba,1
Kamal Kharrazi,1
Mesbahyazdi,1
Novi Christiastuti,1
As Donald Trump Menyebut Mojtaba,1
Anadolu Agency Senin,1
Senin Maret,1
Rsp,1
Kathmandu,1
Prix,1
George Russell,1
Charles Leclerc,1
Safety Car,1
Malaysia Airlines,1
Ocean Infinity,1
Afp Houthi,1
News Brian,1
The Bishop,1
Frankfurt,1
The Strait Times,1
Frankfurt Jerman,1
Mallorca Spanyol,1
Inggris Swiss Liechtenstein,1
Dr Farzin,1
Ali Ansari,1
Bloomberg Via,1
Saudi Riyadh,1
London Inggris,1
Roger Macmillan,1
Supreme Leader Iran Ali Khamenei,1
Encyclopaedia Britannica Supreme Leader,1
Afp Sabtu Trump,1
Indonesia Hikmahanto,1
Hikmahanto,1
Senin Hikmahanto,1
Hikmahanto Hikmahanto,1
Business Insider,1
As New York Times Nyt,1
Gulf News Senin,1
Mohammad Mehdi,1
Afp Netanyahu,1
Badr Bin Hamad Al Busaidi,1
Truth Trump,1
Sayyed Javad Khamenei,1
As Amerika Serikat,1
Brad Cooper,1
April Khamenei,1
Sayyed,1
Dpp Pkb,1
Deplu,1
Irgc Idf,1
Life Freedom,1
Saeid Iravani,1
Barbara Slavin,1
Center,1
Trump Khamenei,1
وَاُخْرٰى تُحِبُّوْنَهَاۗ نَصْرٌ مِّنَ اللّٰهِ وَفَتْحٌ قَرِيْبٌۗ وَبَشِّرِ الْمُؤْمِنِيْن َ,1
Rasulullah Saw,1
An Khamenei,1
An Mojtaba,1
Sadiq,1
Farih Maulana,1
Tajzadeh,1
Mirhossein Mousavi,1
Februari Mojtaba,1
Sukarno,1
Tools,1
Alloh,1
America First Donald Trump,1
Dollar As,1
Los Angeles,1
Heartland,1
Oklahoma,1
Kansas,1
Spr,1
Wood River,1
Phillips,1
Ppi,1
Kompascom Mojtaba,1
Bbc Senin Khamenei,1
Ri Prabowo Subianto,1
Shiraz Yasuj,1
De Facto Myanmar,1
San Suu,1
Myanmar,1
Gutteres,1
Oki,1
Banglades,1
Uss Abraham Lincoln,1
Viral,1
Provinsi Riau,1
Deep,1
Von Heindw Indonesia Teheran Kompascom,1
Grand Ayatol,1
Milani,1
Papua,1
Shahrudi,1
Kalla,1
Iya,1
Ellie Geranmayeh,1
The Guardian Rabu,1
Uss,1
Mohseniejei,1
Leavitt,1
Mehdi Taj,1
Belgia Mesir,1
Perancis Afp Khamenei,1
Al Quds,1
Inggris Perancis,1
Arab Saudi Pangeran Mohammed Bin Salman,1
Reverse Image Search,1
Whatsapp,1
Euro News,1
English,1
Engine Platform,1
Sabtu Ali Khamenei,1
Perancis Nicolas Roche Perancis,1
Hossein Amirabdollahian,1
Charlie Hebdo,1
Tel Aviv,1
The Most Powerful Man,1
Kompascom Twitter,1
Covid,1
Astrazeneca,1
Who,1
Mohammed Javad Zarif,1
Sayyid Ali,1
Sabtu Februari,1
Al Jazeera Ali,1
Najaf,1
Moskwa,1
Alireza,1
Radio,1
Eye,1
Pictwittercommxygnfuny,1
Pekanbaru,1
Riau,1
Airbus,1
Gaza Kompascom,1
Izz Addin Alqassam,1
Palestinian Islamic Jihad Pij,1
Farideh Moradkhani,1
Moradkhani Farideh Moradkhani,1
Volker Turk Turk,1
International Atomic Energy Agency Iaea Rafael Grossi,1
Iaea,1
Presiden Prabowo Subianto,1
Kompascom Reza Pahlavi,1
Mohammad Mosaddegh Mosaddegh,1
Texas Amerika Serikat,1
University Of Southern California,1
Nabi Muhammad Khamenei,1
Paris,1
Nabi Muhamamad,1
International Atomic Energy Agency,1
Qatarenergy,1
Boroujerdi,1
Bbc Verify,1
War Of Nerves,1
Mehrdad Seyyed,1
Reza Khan,1
Mohammad Reza Shah Pahlavi,1
Amerika Serikat Israel,1
Google Lens,1
Wire,1
Februari Khamenei,1
Israel Ali,1
Indonesia Mui,1
Kepdpmuiiii,1
Anwar Iskandar,1
Board Of Peace Bop Mui,1
Mui Copyright Pt,1
All,1
Reza Shah Pahlavi,1
Grand Ruhol,1
Raja Shah,1
Defense,1
The Axis Of Resistence Teheran,1
Assad,1
Khameneiisme,1
Washington Kompascom,1
Rafsanjani,1
Universitas Stanford,1
Khatami,1
Suzanne,1
The Brookings Institution,1
Carnegie Endowment For International Peace,1
House Of Representatives As,1
Louisville Kompascom,1
Louisville Kentucky,1
Cherry,1
Lonnie,1
Museum,1
The Greatest Muhammad,1
The Kfc Yum Center,1
As Bill Clinton,1
Spike Lee,1
Brown,1
Arnold Schwarzenegger,1
David Beckham,1
Whoopi Goldberg,1
Abduljabbar,1
Muhammad Ali,1
Clinton,1
Kevin Cosby,1
Louisville,1
As Hillary Clinton,1
As Inggris Prancis Rusia China,1
Turki Khamenei,1
Quds Jerusalem,1
Zahra Rahnavard,1
Mohammad,1
Israel Trump,1
Peace,1
Try Sutrisno,1
Soeharto,1
Kashmir,1
Washington Reza,1
Stanford,1
Snsc Ali Larijani,1
Hussein,1
The Iraq,1
Berets,1
Us Army Center Of Military History,1
No Boots On The Ground,1
Ntc,1
Asysyuara,1
Purwokerto Dr,1
Board Of Peace Bop Gaza Purwokerto,1
Tribunnews,1
Gholamreza Soleimani Basij,1
Presiden,1
Aktivitas,1
Makarem Shirazi,1
Rusia Tass,1
China Rusia Korea Utara,1
China Rusia,1
Islam Palestina China,1
Beijing Wang Yi,1
Lavrov Wang,1
Sayyed Ali Khamenei,1
Pyongyang,1
Ali Hosseini,1
Purwokerto,1
Haryanto,1
Hamas,1
Palestina Hamas,1
Maret Netanyahu,1
Khorramabad Bushehr Qom,1
Chabahar,1
Provinsi Fars,1
Mohammad Shirazi,1
Hossein Jabal Amelian,1
Ali Khamenei Mansoureh Khojasteh Bagherzadeh,1
News Agency Bagherzadeh,1
Social Truth,1
Bagherzadeh Bagherzadeh,1
Gan,1
Persia Serambinewscom,1
If Ali,1
Beritaterbaru,1
The Jerusalem Post Binder,1
The Jerusalem Post,1
Israel Idf,1
Shademani,1
Alanbiya,1
Middle East Eye,1
Hossein,1
Bbc News,1
Younes,1
Abdul Malik Alhouthi,1
Caitlin Brown,1
Fatimah,1
Vladimir,1
Doha,1
Thailand,1
Qatar Majed Alansari,1
Siprus,1
Prancis Charles De Gaulle,1
Amerika Serikat Donald Trump Senin,1
Dpr,1
Tarmizi Copyright,1
Reed,1
Murray,1
Warner Chris Coons,1
Schatz,1
India,1
Atlantic Council Beijing,1
Australia Chris Bowen,1
Bowen,1
Sharif,1
Bangladesh,1
Sri Lanka,1
Mirror,1
Taiwan,1
Lebanon Joseph,1
Denmark Swedia,1
Hezbollah,1
Kairo,1
Corpsirgc,1
As Donald Trump Kamis,1
Saeed Iravani,1
Mohammadtaqi Mesbahyazdi,1
Khamenei Mojtaba Khamenei,1
Lebanon,1
Sayed,1
Islamic Republic Of,1
Broadcasting,1
Leong,1
Research,1
Head Of Research Kiwoom,1
Indonesia Liza Camelia Suryanata,1
Hormuz ​​​,1
China Xi,1
Index,1
As Februari,1
The Fed,1
Yudhi Sadewa,1
Dax Jerman,1
Cac Prancis,1
Nasdaq,1
Muhammad,1
Ali Mohammad Naini,1
Preemptive,1
Typhoon,1
F Inggris,1
Yordania Qatar,1
Nicosia Siprus,1
Siprus Nikos Christodoulides,1
Osaka,1
Jepang Sanae,1
Ankara,1
Rusia China,1
Kamis,1
Lebanon Joseph Aoun,1
Prancis Emmanuel Macron,1
Berri,1
Jakarta Antarajacx,1
Wa Inna Ilahi Rajiun,1
Iskandar Copyright,1
Brazil,1
Bin Farhan Al Saud,1
Uea Abdullah Bin Zayed Al Nahyan Wang Yi,1
Amerika Serikat Indonesia,1
Of Martyrs,1
Veterans Affairs,1
Dfc As,1
Jerman Friedrich Merz,1
Sarieditor Arie Novarina Copyright,1
Provinsi Jawa Barat Pemprov,1
Gubernur Dedi Mulyadi,1
Kepri,1
Jawa,1
Adi,1
Edy Sujatmiko Copyright,1
Provinsi Jawa Barat,1
Herman Suryatman,1
Suryatman,1
Amerika Serikat Herman,1
Saudi Aramco Arab Saudi,1
Saudi Aramco,1
Saudi Saudi Aramco,1
Tanura,1
Saudi Turki Almaliki,1
Insya Allah,1
Indonesiaindonesian Crude Price,1
Widyasari,1
To Quality,1
Safe Haven Kiki,1
Indonesia Bi,1
Kssk,1
Hartarto,1
Jeffries,1
As Marco Rubio,1
Yi Wang Yi,1
Badr,1
China Mao,1
Badr Albusaidi,1
Albusaidi,1
Safe Haven,1
‘America First,1
Arraghci,1
The Atlantic,1
Sayyid Badr Bin Hamad Bin Hamood Albusaidi,1
As Steve Witkoff,1
Trump Jared Kushner,1
New York Sabtu Guterres,1
Esmaeil Baghaei,1
Indonesia Muhammad Syaroni,1
Institute,1
Development,1
Indef,1
Amerika Serikat As Donald,1
Araghci,1
Xinhuadia,1
Abraham Lincoln,1
Bank Indonesia Bi,1
Erwin Gunawan Hutapea,1
Financial Futures Lukman Leong,1
Garuda,1
Von Der Leyen Uni Eropa Arab Saudi,1
Via Xinhuabar Copyright,1
Alahmad,1
Nasirzadeh,1
Dr Sabir,1
Dr Summa Iya Syed,1
Provinsi Sindh,1
Axis Of Resistance,1
Uni Eropa,1
Sinaga Copyright,1
Vahidi,1
Online Vahidi,1
Eko Sigit Wicaksono Copyright,1
Core Indonesia Mohammad Faisal,1
Crude Ri,1
Irgc Sabtu,1
Syahid,1
Mohammad Jafar Ghaempanah,1
Ismail Baghaei,1
Nasution Copyright,1
As Michael Ratney,1
Nimrod Reza Khan,1
Reza,1
Hewitt Show,1
Primayanti Copyright,1
Rahmad Nasution Copyright,1
Amerika Serikat Al Udeid,1
Israel The Times Of Israel,1
Media Israel The Times Of Israel,1
The Times Of Israel,1
Advertisement Scroll To Continue With Content,1
The Defence Of Democracies,1
Vs As,1
Johns Hopkins University,1
Nasr,1
Reuters Mojtaba,1
Abc News Israel,1
Afp Advertisement,1
Alqassam,1
Hojjatoleslam Seyed Mohsen Mahmoudi Khamenei,1
To Continue With Content Khamenei,1
Dewan,1
Assembly Of Experts Mohammadmehdi Mirbaqeri,1
Mehr News Agency,1
Hashem Hosseini,1
Power Vacuum,1
Al Jazeera Minggu Advertisement Scroll To Continue With Content Irgc,1
Hari Irgc,1
Middle East Eye Mee Larijani,1
Moskow,1
Emory As,1
Turki Trt,1
Megawati,1
Mega,1
Khamenei China,1
Hemnani,1
Naqvi,1
Ali Khamenei Trump,1
Israel Khameini,1
Sayyed Ali,1
Abidin,1
Nabi Muhammad Saw Khamenei,1
Daily Times,1
Mawlavi,1
Provinsi Hormozgan,1
Provinsi Azerbaijan,1
David Miller,1
Fordo,1
The National Sabtu,1
York Times,1
Amerika Trump,1
Content,1
Syed Asad Raza,1
Lahore Pakistan,1
Jerman Trump,1
Cnn Khamenei,1
Mohammad Baqer Ghalibaf,1
Center Pm Wong,1
Powers Act,1
The Coordination Framework,1
Provinsi Kohgiluyeh,1
Amerika Inggris,1
Mohammad Naeini,1
Naeini,1
Mehr News Naeni,1
Reza Zahedi,1
Damaskus,1
Pasuruan,1
Gowa,1
Sulawesi,1
Sukolilo Surabaya,1
Sumenep,1
Of Death Cod,1
Gowa Sulawesi,1
Sijarra,1
Upg Muhammad Sadly,1
Nabawi,1
Sadly,1
Baqi Madinah,1
Gowa Ali Bahri,1
Palestina Advertisement,1
Ali Moalemi,1
Amerika Serikat Advertisement,1
Bin Abi,1
Gambastwitter Khamenei,1
Far News,1
Istri Khamenei,1
Jakarta Indonesia,1
Hatami,1
Al Jazeera Ismail Haniyeh,1
Ina,1
Alawadi,1
Alkhamenei,1
America First,1
Gholamhossein Mohseniejei,1
Amerika Serikat Trump,1
Abdul Rahim Mousavi,1
Ali Shamkhani,1
Mohammed,1
Amelian,1
Mozaffarinia,1
Khamenei Larijani,1
To Continue With Content Ebrahimpour,1
Al Jazeera Sabtu,1
Provinsi Hormozga,1
Irgc Mohammad Pakpour,1
Mohammad Pakpour,1
Putri Kim Jong Un,1
Jong Un,1
Dennis Rodman,1
News Trump,1
Abc News Jonathan Karl Gambasvideo Cnn Trump,1
To Continue With Content Moskow,1
As Washington,1
Rusia Dmitry Medvedev,1
Medvedev,1
Trump Pamer As,1
Abc News Trump,1
Afghanistan,1
Eye Advertisement Scroll To Continue With Content,1
With Content Musuh,1
Fars News Tasnim,1
Mirdamadai,1
Hashem Ghazvini,1
Iranshahr,1
Universitas Indonesia,1
Machmudi,1
Hossein Hamedani,1
Anwar,1
Jumat Motjaba,1
Guard Corpsirgc,1
Al Jazeera Irgc,1
Mehdi Mirbagheri An Mirbagheri,1
Khomeini Hassan,1
An Bushehri,1
Atlantic Council,1
Amerika Serikat Marco Rubio,1
Hill,1
Riyadh Saudi,1
Mossad,1
Afp Advertisement Scroll To Continue With Content Mizan,1
Far,1
Good,1
Wamenhaj,1
Anzar,1
Medina Dina,1
Cnnindonesiacom,1
Britney Spears,1
Medina,1
Soon,1
Daniaty,1
Megawati Soekarnoputri,1
Kristiyanto,1
Widjajanto,1
Bali,1
Inggris Inggris,1
Prancis Prancis,1
Barrot,1
Yordaniaprancis,1
Afp Prancis,1
News Agency Bahrain Bahrain,1
Saudi Bahrain Irak,1
Gulf News,1
To Continue With Content Musuh,1
Al Jazeera Mojtaba Khamenei,1
Australia News,1
Human Rights,1
Jerusalem Post,1
Aragchi,1
To Continue With Content Menlu Araghchi,1
