rank,term,avg_tfidf,doc_frequency,ngram_n
1,serangan,0.059426742703230694,417,1
2,israel,0.05741406126370138,407,1
3,trump,0.042101056103036535,216,1
4,amerika,0.041392916221954214,375,1
5,ayatol,0.04051173143093024,369,1
6,tewas,0.039522717201518044,329,1
7,tertinggi iran,0.03879245821814371,370,2
8,militer,0.038680702115505464,292,1
9,teheran,0.0381543983747478,294,1
10,pemimpin tertinggi iran,0.037830319042347155,356,3
11,serikat,0.03764390935922245,352,1
12,amerika serikat,0.03749442342355959,342,2
13,ayatol ali,0.03573054702988641,346,2
14,ayatol ali khamenei,0.0356704660195092,344,3
15,negara,0.035005654904065375,273,1
16,kematian,0.03478974607994596,234,1
17,presiden,0.03446311694960254,255,1
18,islam,0.03306976964993742,225,1
19,mojtaba,0.031786816387657235,106,1
20,pemerintah,0.0317344868734507,221,1
21,orang,0.03013655129269991,210,1
22,perang,0.029968358418434912,182,1
23,media,0.028999489996594803,213,1
24,iran ayatol,0.028062569450493336,219,2
25,dunia,0.027911095542640495,199,1
26,timur,0.027907374997050195,196,1
27,iran ayatol ali,0.027273832754603194,210,3
28,revolusi,0.027126441902552423,179,1
29,asisrael,0.026944795811431048,183,1
30,tertinggi iran ayatol,0.02638001251807506,202,3
31,khamenei tewas,0.026372841880872147,178,2
32,tewas serangan,0.025151774833599667,177,2
33,udara,0.025082179788343564,158,1
34,serikat israel,0.02433167730707218,199,2
35,rudal,0.024276238897945033,146,1
36,amerika serikat israel,0.02427475508129035,198,3
37,kematian khamenei,0.023553483195256974,132,2
38,keamanan,0.023552279454034673,156,1
39,operasi,0.02330254592662496,130,1
40,pejabat,0.02324581971982805,135,1
41,donald,0.023205049776254726,180,1
42,donald trump,0.02317211205641239,180,2
43,mojtaba khamenei,0.023109335817282667,96,2
44,rezim,0.022828620157941588,135,1
45,keras,0.02278728701702718,172,1
46,memiliki,0.022652631465422818,139,1
47,politik,0.02246158240706443,129,1
48,warga,0.022327258089119537,121,1
49,pemerintah iran,0.02213111777811555,141,2
50,wilayah,0.021956144915397904,144,1
51,republik,0.02184769472545257,145,1
52,menteri,0.021839761563652357,154,1
53,konflik,0.021557233006978305,133,1
54,rakyat,0.021531207045406946,133,1
55,kota,0.02140091195183267,123,1
56,negeri,0.021340934288750606,153,1
57,resmi,0.021188320469133545,145,1
58,kawasan,0.021151466730072142,129,1
59,republik islam,0.021041106295046616,135,2
60,nuklir,0.020953763466163948,95,1
61,gabungan,0.020679627586402963,153,1
62,nasional,0.02062238818907023,131,1
63,salah,0.020185456627561316,144,1
64,ulama,0.020183375847812993,92,1
65,ali khamenei tewas,0.020140953114770477,136,3
66,irgc,0.019894148178591992,115,1
67,kompleks,0.01977993881218658,95,1
68,serangan israel,0.019731985308491802,118,2
69,balasan,0.019726676348674557,113,1
70,garda,0.019713294728804953,133,1
71,mengambil,0.019422968973690013,146,1
72,netanyahu,0.019387106456664954,71,1
73,korban,0.01931873955092684,117,1
74,meninggal,0.019083311518174655,97,1
75,kepemimpinan,0.01903833009077996,98,1
76,garda revolusi,0.018962799099681103,130,2
77,februari,0.018826471361444937,123,1
78,dewan,0.018618054088890435,95,1
79,majelis,0.018488282646622112,78,1
80,kediaman,0.018482394949418283,76,1
81,melancarkan,0.018479863817335938,123,1
82,serangan udara,0.018374130317881834,106,2
83,khamenei tewas serangan,0.018026223966264646,113,3
84,menyerang,0.017964808502260603,93,1
85,menewaskan,0.017872007369904297,116,1
86,islam iran,0.017853099050480343,118,2
87,revolusi islam,0.017799034858432528,107,2
88,akibat,0.017658138146044437,112,1
89,pertahanan,0.017543907022647492,100,1
90,iran ali,0.017473049240288977,116,2
91,situs,0.017203063289984714,119,1
92,terkait,0.01691183569925698,104,1
93,minyak,0.016897608225961678,53,1
94,konten,0.016873812587601688,107,1
95,mengumumkan,0.016853904147996313,108,1
96,berkabung,0.016774205577185022,88,1
97,melaporkan,0.016681262759020012,102,1
98,anggota,0.016651209708916447,93,1
99,pemerintahan,0.016631146839977663,97,1
100,melancarkan serangan,0.016534919866527446,105,2
101,kekuatan,0.01650113662935794,90,1
102,rakyat iran,0.016454369531185137,87,2
103,khamenei pemimpin,0.0163539281370621,83,2
104,komentar,0.016340693506262122,117,1
105,pagi,0.016291994911020007,84,1
106,pasukan,0.016191529982495918,94,1
107,memicu,0.01609695759307297,97,1
108,target,0.016058908616722902,106,1
109,tertulis,0.01604026436344009,107,1
110,serangan gabungan,0.01603867558832038,107,2
111,sosial,0.01601156813089894,100,1
112,arab,0.01597716067864242,70,1
113,nama,0.015937160263595988,81,1
114,ancaman,0.01583567748293226,79,1
115,izin,0.015822943534976566,108,1
116,senjata,0.015795198641179557,73,1
117,presiden donald,0.015722344585591408,110,2
118,kekuasaan,0.0156900537394881,90,1
119,presiden donald trump,0.0156522708291318,110,3
120,senior,0.015571597387194566,91,1
121,ayah,0.015558165790174532,72,1
122,serangan asisrael,0.015542055806318865,91,2
123,iran ali khamenei,0.015530805124615502,97,3
124,israel iran,0.015421078975453605,92,2
125,internasional,0.015402121195802051,88,1
126,putra,0.015359681967879733,85,1
127,fasilitas,0.015344311352312557,92,1
128,dilarang,0.015343696762870692,108,1
129,kirim,0.01522816467307246,106,1
130,otomatis,0.015184314054793199,104,1
131,negaranegara,0.015176178742100614,88,1
132,foto,0.014996366932420688,48,1
133,situs web,0.014972961043395457,101,2
134,web,0.014972961043395457,101,1
135,unggahan,0.014914791591946685,52,1
136,serangan iran,0.014908500178791141,76,2
137,sistem,0.014887424052389192,78,1
138,republik islam iran,0.014863670575335271,89,3
139,copyright,0.014761453212473703,102,1
140,tanggungjawab,0.014752323349342263,100,1
141,crawling pengindeksan otomatis,0.014752323349342263,100,3
142,mengambil konten crawling,0.014752323349342263,100,3
143,dilarang keras,0.014752323349342263,100,2
144,pengindeksan,0.014752323349342263,100,1
145,otomatis situs,0.014752323349342263,100,2
146,tanggungjawab ite,0.014752323349342263,100,2
147,ite,0.014752323349342263,100,1
148,konten crawling,0.014752323349342263,100,2
149,konten crawling pengindeksan,0.014752323349342263,100,3
150,kirim komentar tanggungjawab,0.014752323349342263,100,3
151,crawling,0.014752323349342263,100,1
152,otomatis situs web,0.014752323349342263,100,3
153,mengambil konten,0.014752323349342263,100,2
154,dilarang keras mengambil,0.014752323349342263,100,3
155,keras mengambil konten,0.014752323349342263,100,3
156,keras mengambil,0.014752323349342263,100,2
157,kirim komentar,0.014752323349342263,100,2
158,crawling pengindeksan,0.014752323349342263,100,2
159,komentar tanggungjawab,0.014752323349342263,100,2
160,komentar tanggungjawab ite,0.014752323349342263,100,3
161,pengindeksan otomatis,0.014752323349342263,100,2
162,pengindeksan otomatis situs,0.014752323349342263,100,3
163,sumber,0.014748257974628056,93,1
164,pangkalan,0.014714088268843744,81,1
165,copyright dilarang,0.014675185955404844,99,2
166,copyright dilarang keras,0.014675185955404844,99,3
167,muncul,0.014673971094251545,81,1
168,izin tertulis,0.014649973517188261,99,2
169,tertulis kirim komentar,0.014649973517188261,99,3
170,tertulis kirim,0.014649973517188261,99,2
171,web izin,0.014649973517188261,99,2
172,izin tertulis kirim,0.014649973517188261,99,3
173,situs web izin,0.014649973517188261,99,3
174,web izin tertulis,0.014649973517188261,99,3
175,langsung,0.014648350812015144,82,1
176,menargetkan,0.014470358720650332,80,1
177,pemimpin tertinggi ayatol,0.014455071294495803,85,3
178,tertinggi ayatol,0.014455071294495803,85,2
179,media sosial,0.014381523280013122,82,2
180,angkatan,0.014361414311126848,64,1
181,tertinggi iran ali,0.014281384744072098,85,3
182,sejarah,0.014278809790479302,79,1
183,pembunuhan,0.014240821578013416,74,1
184,news,0.014188402105703884,68,1
185,keluarga,0.014117806140139856,71,1
186,utama,0.014095496862630428,85,1
187,lokasi,0.01408218638757486,67,1
188,wafat,0.014033693889062167,74,1
189,jazeera,0.01403220627103472,80,1
190,pezeshkian,0.01399522107280638,51,1
191,pengganti,0.013930557272841378,64,1
192,militer iran,0.013762575340074032,77,2
193,tertinggi ayatol ali,0.01371858746580061,79,3
194,menggantikan,0.013714205113261331,80,1
195,memimpin,0.013635898650391862,73,1
196,operasi militer,0.013565989308791269,70,2
197,mengonfirmasi,0.013557026681053064,81,1
198,membalas,0.013507034439892764,78,1
199,larijani,0.013505702137306133,31,1
200,informasi,0.01345207087751567,57,1
201,presiden amerika,0.01333053220698466,74,2
202,presiden amerika serikat,0.01333053220698466,74,3
203,pakar,0.013259746582356716,55,1
204,televisi,0.013203838418149287,77,1
205,klaim,0.013190116526425662,55,1
206,kondisi,0.013162570194190476,68,1
207,ahli,0.013133172938019098,55,1
208,tokoh,0.01306810627867359,79,1
209,kabar,0.013060232170289371,60,1
210,korps,0.013034621996484667,87,1
211,serangan balasan,0.013004146213262116,66,2
212,indonesia,0.012968347065127823,51,1
213,gugur,0.012909327572293409,70,1
214,perdana,0.012897667328780272,72,1
215,khamenei pemimpin tertinggi,0.012874184662215694,66,3
216,program,0.012860864025359834,62,1
217,rencana,0.012859301147395601,56,1
218,amerika serikat donald,0.01284952823745915,73,3
219,serikat donald trump,0.01284952823745915,73,3
220,serikat donald,0.01284952823745915,73,2
221,kelompok,0.012847017681156567,65,1
222,publik,0.012817137947203846,64,1
223,situasi,0.012797238299227614,73,1
224,komandan,0.012719801740337738,67,1
225,meluncurkan,0.012715673388196295,65,1
226,akibat serangan,0.012677428097141659,71,2
227,penuh,0.01261346071224137,64,1
228,presiden iran,0.012610525810493852,63,2
229,revolusi iran,0.012564164761618726,67,2
230,teluk,0.012526838081731266,62,1
231,pusat,0.012522022407077414,64,1
232,bersenjata,0.012480473187322108,62,1
233,menyusul,0.01245091646327601,71,1
234,akun,0.012368637565531079,45,1
235,drone,0.01232332145147938,59,1
236,membunuh,0.012310474588620545,52,1
237,kali,0.012275621897828664,71,1
238,protes,0.012272246640235473,47,1
239,sosok,0.012266256896505465,58,1
240,barat,0.012234470664189522,61,1
241,mengklaim,0.012190478483631912,53,1
242,perdana menteri,0.012171947899073644,67,2
243,gabungan amerika,0.012133651028176064,68,2
244,khomeini,0.012096610221116567,50,1
245,washington,0.012088361423851167,60,1
246,korps garda,0.01206398104716437,80,2
247,korps garda revolusi,0.01206398104716437,80,3
248,gelombang,0.012048995726013437,58,1
249,selat,0.012036047107609662,48,1
250,hormuz,0.012030194485160255,48,1
251,jalan,0.012016720670851579,60,1
252,posisi,0.012007253753797392,63,1
253,mendiang,0.011987244181204308,57,1
254,syiah,0.011983968043606253,59,1
255,sipil,0.011934153016181273,78,1
256,selat hormuz,0.011918258539307733,48,2
257,israel amerika,0.011917341743188509,59,2
258,israel melancarkan,0.011904879756366086,75,2
259,harga,0.011863649406890124,42,1
260,nuklir iran,0.01178110984360115,49,2
261,kebijakan,0.01175365763890584,61,1
262,terpilih,0.011738470199883767,50,1
263,garda revolusi islam,0.01172768380092226,78,3
264,scroll,0.011711538157078368,69,1
265,khamenei serangan,0.011699624210907755,66,2
266,pemimpin iran,0.011687544931912385,64,2
267,meninggal dunia,0.011680328646070881,54,2
268,jenazah,0.011676828096589617,37,1
269,khamenei meninggal,0.011647334200459773,50,2
270,kepala,0.011632347716938891,60,1
271,saudi,0.01163112342115462,45,1
272,hukum,0.011610853614293454,63,1
273,hancur,0.011610730841473247,51,1
274,upaya,0.01155803474238747,61,1
275,kompleks kediaman,0.011556671083101959,47,2
276,intelijen,0.01153781061395188,44,1
277,mencapai,0.011443577916333917,62,1
278,kuat,0.011412330974074974,66,1
279,melanjutkan,0.011400579037793509,52,1
280,menghancurkan,0.011366276508370386,58,1
281,kementerian,0.011316103993443724,61,1
282,memilih,0.011296978397594049,59,1
283,gabungan amerika serikat,0.011269634251954501,62,3
284,mengalami,0.01121881085716153,60,1
285,kerusakan,0.01120716879981724,61,1
286,duka,0.01120061292915608,51,1
287,anak,0.01119458155613599,53,1
288,israel melancarkan serangan,0.011192089984682263,69,3
289,majelis pakar,0.011181758627384955,41,2
290,fars,0.011162505086421668,46,1
291,iran pemimpin,0.0111213336522036,63,2
292,benjamin,0.011101475481064839,60,1
293,besarbesaran,0.011095937556998366,54,1
294,imam,0.011083837259053242,47,1
295,program nuklir,0.011082348727505544,52,2
296,hidup,0.011081556135923773,50,1
297,menyebabkan,0.011073597685757887,64,1
298,dikenal,0.01106459016786423,55,1
299,artikel,0.011036809572262442,46,1
300,benjamin netanyahu,0.011029091366557916,59,2
301,eskalasi,0.011017173853227917,56,1
302,bangunan,0.011015087401730876,40,1
303,iran mojtaba,0.010981307907790375,48,2
304,hubungan,0.010972868128084701,53,1
305,keputusan,0.010939835576798675,55,1
306,mohammad,0.010916843374222999,59,1
307,tulis,0.010912054872501025,57,1
308,putri,0.010848007246774054,42,1
309,dipilih,0.010792347129893855,48,1
310,israel amerika serikat,0.010743836551440844,54,3
311,menghadapi,0.010742223618755086,59,1
312,menyerukan,0.010741339511818375,56,1
313,tayang,0.010723369158056703,42,1
314,artikel tayang,0.010723369158056703,42,2
315,jakarta,0.010718398304750432,43,1
316,orang tewas,0.010684948536424724,50,2
317,khamenei iran,0.010644726856656659,45,2
318,asisrael iran,0.010637373127921004,57,2
319,iran serangan,0.010582654193331566,49,2
320,kematian pemimpin,0.010550534624550622,54,2
321,suara,0.010536160611921756,38,1
322,ketegangan,0.010518618283488766,57,1
323,pangkalan militer,0.010511703877862363,55,2
324,proses,0.010508960263752603,49,1
325,hasil,0.010489012208174164,35,1
326,meningkat,0.010486348140909334,55,1
327,berhasil,0.010474569886058056,37,1
328,rezim iran,0.010388346468152437,52,2
329,lembaga,0.010379359278376646,52,1
330,dianggap,0.010367952335538978,55,1
331,iran tewas,0.010357163637579464,43,2
332,ekonomi,0.010344869721140744,48,1
333,irak,0.010331859738643208,47,1
334,serangan amerika,0.010316452484990959,59,2
335,dekade,0.010314710420880398,56,1
336,malam,0.010307405136986738,48,1
337,rumah,0.010299799667205334,37,1
338,sekolah,0.010295354173220915,46,1
339,otoritas,0.010273838080304224,53,1
340,masoud,0.010266936590709656,51,1
341,musuh,0.010253572116122748,46,1
342,kapal,0.01022347349741793,32,1
343,tindakan,0.010221834004844995,54,1
344,aksi,0.010219609367444791,46,1
345,with,0.010180529481740412,56,1
346,the,0.010136324359517383,42,1
347,iran pemimpin tertinggi,0.01011745863584765,56,3
348,cucu,0.010095922934501489,53,1
349,truth,0.010091616932738669,51,1
350,suci,0.010063521024183623,46,1
351,militer israel,0.010053400658190745,43,2
352,dukungan,0.010019561523359744,44,1
353,pemilihan,0.010011218392506294,49,1
354,arab saudi,0.01000159800239495,39,2
355,terbaru,0.009973701447623025,48,1
356,media iran,0.009942668686645256,54,2
357,gedung,0.009925050118938903,45,1
358,global,0.00988919026588816,44,1
359,continue,0.009864286991314503,54,1
360,israel benjamin,0.009817519827542587,53,2
361,media pemerintah,0.009810999094384813,49,2
362,pekan,0.009783296635988219,47,1
363,pidato,0.009767735301506437,35,1
364,israel benjamin netanyahu,0.009737614174561017,52,3
365,agama,0.009717015227548158,47,1
366,kematian pemimpin tertinggi,0.009712194558239592,48,3
367,pernyataan,0.009682682701478698,45,1
368,iran khamenei,0.009680943666782823,51,2
369,menteri israel,0.009669376627543596,52,2
370,libur,0.009665792062266492,50,1
371,bom,0.009663509661715555,45,1
372,jabatan,0.00966055182780474,49,1
373,serang,0.009654982137080218,53,1
374,garda revolusi iran,0.00964750349418683,47,3
375,pemakaman,0.009615713242639561,22,1
376,masoud pezeshkian,0.009607320905839007,49,2
377,laut,0.00959571898517069,43,1
378,kawasan timur,0.009565890444913247,48,2
379,bangsa,0.009548901250662442,40,1
380,televisi pemerintah,0.009534677122615623,48,2
381,menteri israel benjamin,0.009531846730780688,51,3
382,terbesar,0.009454595313109597,46,1
383,reza,0.009446401532484185,35,1
384,pertemuan,0.00944125449513622,39,1
385,menghantam,0.009439893233870537,38,1
386,pahlavi,0.009424087865510177,32,1
387,menantu,0.009412816412896222,41,1
388,social,0.009409765963405922,47,1
389,perdana menteri israel,0.009407928637158506,50,3
390,masyarakat,0.009388574254675305,47,1
391,kandidat,0.009380620996508894,40,1
392,milik,0.009378494014447281,44,1
393,persen,0.00936220337631433,32,1
394,china,0.009348545865814248,30,1
395,iran irgc,0.00932407579790605,54,2
396,langkah,0.009320646848402682,45,1
397,ketua,0.009305092660415269,44,1
398,energi,0.009303946304164909,38,1
399,tanah,0.00930077694385487,40,1
400,perlawanan,0.009277293789866931,44,1
401,majelis ahli,0.009265660292175773,36,2
402,ledakan,0.00926372522716874,41,1
403,content,0.009244926854332836,49,1
404,berpengaruh,0.009211860961090218,48,1
405,menolak,0.009193236905378167,35,1
406,pengalaman,0.009188533555512364,37,1
407,pesan,0.009167869940540923,36,1
408,continue with,0.009164037912559162,49,2
409,penerjemah,0.009142485396123109,50,1
410,imbas,0.009135738477997844,38,1
411,menteri pertahanan,0.00913509688329035,47,2
412,badan,0.009116932448741531,39,1
413,angkatan bersenjata,0.009098996432040218,39,2
414,terlibat,0.009090506417755296,44,1
415,menilai,0.009067889076219077,47,1
416,berusia,0.009037584368390333,45,1
417,mengecam,0.009026139676131474,35,1
418,syahid,0.009016618404508627,43,1
419,mashhad,0.009012719900840889,41,1
420,pejabat iran,0.009012685306986273,42,2
421,sasaran,0.009008166291099943,45,1
422,with content,0.009005917140531556,47,2
423,strategis,0.008979756386638426,45,1
424,terluka,0.00896579930837782,42,1
425,ali khamenei serangan,0.0089513325370061,47,3
426,ali khamenei meninggal,0.008925986640211504,38,3
427,perang iran,0.008913777435446925,41,2
428,mendukung,0.008875920957218807,43,1
429,titik,0.008868177640116817,46,1
430,menjabat,0.008835955150080363,42,1
431,pengaruh,0.008829739380405155,41,1
432,tujuan,0.008814839300461876,45,1
433,struktur,0.008789485184026708,40,1
434,tasnim,0.008742128432830518,40,1
435,hak,0.008728930659829928,36,1
436,serangan militer,0.00871754950801733,45,2
437,iran israel,0.008705033813881343,39,2
438,dampak,0.008700831695697617,49,1
439,memegang,0.008695687178091181,45,1
440,pengumuman,0.008680450530325326,40,1
441,mendalam,0.008661880184746014,41,1
442,menetapkan,0.008627114229735918,41,1
443,menteri negeri,0.008609287820429887,44,2
444,diserang,0.008596618691087745,40,1
445,gambasvideo,0.008559131580731006,45,1
446,serangan rudal,0.008544461513828686,44,2
447,continue with content,0.00853990947338097,44,3
448,aset,0.008537596752846809,37,1
449,mendesak,0.00851469537275517,45,1
450,peran,0.008510375973529482,44,1
451,mengancam,0.008504298537518853,38,1
452,lebanon,0.008493665421598622,28,1
453,juru,0.008492749099031801,37,1
454,berlanjut,0.008488258227338985,41,1
455,bicara,0.008449470399718514,39,1
456,mojtaba khamenei pemimpin,0.008444386769648298,37,3
457,meluncurkan serangan,0.008442814080674182,40,2
458,perubahan,0.008436333978107924,43,1
459,wilayah israel,0.008411053027883015,47,2
460,serangan amerika serikat,0.008377808841739534,44,3
461,selatan,0.008363110300461711,34,1
462,televisi pemerintah iran,0.008350041790183695,44,3
463,terbuka,0.008342118131639811,43,1
464,khamenei meninggal dunia,0.008325369743602703,34,3
465,qatar,0.008318996210962052,40,1
466,mengeklaim,0.008292416145530898,34,1
467,membuka,0.008282835053623842,33,1
468,tewas serangan udara,0.008280579732444086,38,3
469,harga minyak,0.00825487933105475,30,2
470,turun,0.008241899575653515,35,1
471,militer timur,0.00818081073447191,40,2
472,iran mengonfirmasi,0.008178227925275025,42,2
473,libur nasional,0.008172827267075517,36,2
474,negosiasi,0.008161984807002266,30,1
475,agresi,0.008156074797859465,40,1
476,ali khamenei pemimpin,0.008122875172747051,38,3
477,sekutu,0.0081133180471533,38,1
478,iran membalas,0.008089549034431476,41,2
479,gabungan asisrael,0.008087119588907643,44,2
480,provinsi,0.008053333264971986,34,1
481,mengeluarkan,0.008044890217042848,33,1
482,irna,0.008014444727367034,34,1
483,serius,0.008013917172336156,37,1
484,total,0.008007031393235994,37,1
485,transisi,0.00799135578515558,34,1
486,menentukan,0.007989139725016291,33,1
487,korban tewas,0.007987602538256857,30,2
488,kantor,0.007973491282137066,33,1
489,zionis,0.00794020472902593,33,1
490,sanksi,0.007932013674438777,26,1
491,ali larijani,0.007924234334786447,29,2
492,berkabung nasional,0.007921332108871764,36,2
493,penunjukan,0.007905386876019528,30,1
494,mati,0.007899839098064552,35,1
495,iran masoud,0.00786363148847697,37,2
496,iran masoud pezeshkian,0.00786363148847697,37,3
497,kementerian negeri,0.007858256086688081,37,2
498,maret,0.007856978644364099,30,1
499,darah,0.007852289693152693,33,1
500,umat,0.007849835361955965,25,1
501,terbunuh,0.007848884196825544,36,1
502,diplomatik,0.007830740571437128,38,1
503,israel serangan,0.007821812316279512,36,2
504,tugas,0.007818245620558228,37,1
505,warga iran,0.00780174464133873,34,2
506,kejahatan,0.0077901197158578885,23,1
507,berkuasa,0.007769599115284298,37,1
508,menjalankan,0.00775088914637509,36,1
509,iran teheran,0.00773678710225638,39,2
510,tertinggi negara,0.007735917805073894,36,2
511,konfirmasi,0.007710768018738205,32,1
512,mengutip,0.007707953610905105,36,1
513,memperkuat,0.00768976627792781,35,1
514,keterangan,0.00767187275856784,32,1
515,komando,0.007671235907330184,32,1
516,ditemukan,0.00766901569150307,22,1
517,merespons,0.007654599982077072,36,1
518,balas,0.007645819842267613,37,1
519,kedutaan,0.007641297553173379,25,1
520,stabilitas,0.007638059847136602,39,1
521,juru bicara,0.007636698741093433,33,2
522,senjata nuklir,0.007630828116508572,27,2
523,iran mojtaba khamenei,0.007625630404631423,36,3
524,fasilitas militer,0.007625272097207754,41,2
525,jahat,0.007587341819167508,38,1
526,jiwa,0.007580851599014581,37,1
527,presiden iran masoud,0.007575767380690685,35,3
528,hamas,0.0075668785567826625,19,1
529,pemimpin tertinggi ali,0.007563214298594277,37,3
530,tertinggi ali,0.007563214298594277,37,2
531,tertinggi ali khamenei,0.007563214298594277,37,3
532,scroll continue,0.007552901740936415,38,2
533,tempur,0.0075525413797879375,29,1
534,iran meluncurkan,0.007530820248979956,35,2
535,berbicara,0.007530718829019975,30,1
536,menanggapi,0.0075301924889068245,36,1
537,bentuk,0.007524702627815062,35,1
538,pbb,0.007523318546751233,30,1
539,keamanan nasional,0.007522100702393371,37,2
540,anadolu,0.007493185581780595,39,1
541,serangan gabungan asisrael,0.007485959606766324,40,3
542,negeri iran,0.007485390767115624,38,2
543,truth social,0.007483670909959672,34,2
544,ruhol,0.007464261432682401,38,1
545,dewan keamanan,0.007462691710098141,35,2
546,gencatan,0.007445169841286476,25,1
547,gencatan senjata,0.007445169841286476,25,2
548,serangan gabungan amerika,0.007443864644322521,35,3
549,kediaman khamenei,0.00743900011252668,33,2
550,menentang,0.007432604701213906,39,1
551,regional,0.007424049811629806,35,1
552,garis,0.007417451973709654,36,1
553,rusia,0.007413612220401221,24,1
554,pendukung,0.00741063645913241,23,1
555,tinggal,0.0073813829680689155,34,1
556,aparat,0.007375958162995806,32,1
557,pesawat,0.007369023852059762,27,1
558,persia,0.007363915934313195,22,1
559,mantan,0.007357965236732332,31,1
560,arah,0.007335369543506809,32,1
561,membawa,0.0073075543486137325,35,1
562,tel,0.007305646976717081,26,1
563,katz,0.007295778583499895,19,1
564,islam irgc,0.007295709157402457,40,2
565,cepat,0.007295424399383623,28,1
566,diklaim,0.007295387571786507,24,1
567,wawancara,0.007288265279110811,27,1
568,ruhol khomeini,0.007282895556705974,36,2
569,tangan,0.007262859502486585,31,1
570,revolusi islam irgc,0.007253179242704152,39,3
571,keamanan iran,0.007249481118062222,32,2
572,shah,0.007245304714423565,24,1
573,tewas serangan gabungan,0.00724349953174923,36,3
574,memperingatkan,0.007237826116712941,30,1
575,serangan israel iran,0.007235756824798094,35,3
576,luas,0.0072184891518066365,35,1
577,hukum internasional,0.007217721386825194,32,2
578,mencari,0.007216108123280383,28,1
579,menggempur,0.007214692060564091,28,1
580,sisi,0.007205097573521036,36,1
581,pejabat senior,0.00718698496025313,31,2
582,luka,0.007182356999743576,25,1
583,scroll continue with,0.00718070963175116,35,3
584,lahir,0.007180020219943693,38,1
585,stasiun,0.007171090364733888,34,1
586,momen,0.007157576440282615,28,1
587,iran iran,0.007150158742078766,34,2
588,sekretaris,0.007149378007526436,34,1
589,bersumpah,0.0071231461043606585,36,1
590,jantung,0.007115490245023281,29,1
591,iran mengumumkan,0.007110508930432411,35,2
592,dilancarkan,0.007109994207877307,32,1
593,balasan iran,0.007087894873583862,33,2
594,dinilai,0.007072631923831943,35,1
595,menyasar,0.007068058261704633,30,1
596,mata,0.007056963249464843,29,1
597,senior iran,0.007046485335172037,29,2
598,berduka,0.007016158681500354,30,1
599,jenderal,0.007013320062412654,25,1
600,menantu cucu,0.007007995361774698,29,2
601,jam,0.007005915429596647,29,1
602,serikatisrael,0.007001406372510602,33,1
603,amerika serikatisrael,0.007001406372510602,33,2
604,aman,0.006988524609183844,29,1
605,calon,0.006985043365446798,29,1
606,polisi,0.006974220734611915,22,1
607,orangorang,0.006972603800277334,30,1
608,serangan menewaskan,0.006961360959388373,32,2
609,kemenangan,0.006957196669366012,28,1
610,israel israel,0.006930274318602629,29,2
611,massa,0.0069291291186780605,21,1
612,palestina,0.0069278738840303205,20,1
613,tingkat,0.0069089647203084865,31,1
614,kedaulatan,0.0069054559371441015,31,1
615,menewaskan pemimpin,0.006905101749722467,30,2
616,pewarta,0.006890596211239182,38,1
617,selamat,0.006835561530068191,31,1
618,penerus,0.0068339994897948795,34,1
619,meluas,0.00683163129647158,32,1
620,beredar,0.00681738699659619,23,1
621,iran tewas serangan,0.006794771559114063,29,3
622,hizbul,0.006792298157443236,21,1
623,kehilangan,0.006785059719620713,31,1
624,demonstran,0.006782100323463081,19,1
625,dikabarkan,0.006774487573446512,26,1
626,jaringan,0.006767889280978184,27,1
627,memimpin iran,0.006755128944092726,30,2
628,khamenei salah,0.006739183858320469,28,2
629,jalur,0.00673338975639054,30,1
630,wilayah iran,0.006731784515894931,32,2
631,kota suci,0.006730524399372263,28,2
632,tekanan,0.0067283931255648684,35,1
633,araghchi,0.006718228394555881,22,1
634,kepemimpinan iran,0.006711268410177753,29,2
635,berjalan,0.006699581270116399,27,1
636,iran menggantikan,0.006695673688261437,29,2
637,wakil,0.006681390182755681,27,1
638,program nuklir iran,0.00667518698153576,32,3
639,insiden,0.0066739640188126555,27,1
640,menewaskan orang,0.006672676556519894,26,2
641,citra,0.006669541443810867,27,1
642,juni,0.006664076278260361,27,1
643,aviv,0.006656807985822077,26,1
644,tel aviv,0.006656807985822077,26,2
645,perjuangan,0.006649201754756875,22,1
646,lukaluka,0.006648686455158363,25,1
647,iran februari,0.006645210123992176,33,2
648,beranggotakan,0.006642058669312272,37,1
649,perempuan,0.006635546482544817,29,1
650,pemerintahan iran,0.0066141250671272285,29,2
651,menggambarkan,0.006609094095723452,31,1
652,target iran,0.0066085826153193155,35,2
653,tertinggi iran mojtaba,0.006605684972162204,30,3
654,reruntuhan,0.0065932429872398645,18,1
655,iran presiden,0.006584400333970333,32,2
656,muslim,0.006569416810958169,23,1
657,bahrain,0.006568227770593112,30,1
658,dikonfirmasi,0.006559817348499444,29,1
659,menetapkan berkabung,0.006555092083457075,26,2
660,mengonfirmasi kematian,0.006540799277247928,32,2
661,kematian ali,0.006508691285743414,26,2
662,iran media,0.006504712301566807,28,2
663,media pemerintah iran,0.006504161725744815,28,3
664,belasungkawa,0.0065024192301228025,23,1
665,perdamaian,0.006501413863501,25,1
666,serang iran,0.006501144724652219,30,2
667,usia,0.0064991765967991446,26,1
668,keagamaan,0.006494146648679781,25,1
669,salah orang,0.006491745434567323,33,2
670,bertanggung,0.006489154777787721,25,1
671,udara gabungan,0.0064793004870578735,28,2
672,serikat israel iran,0.006473084220789822,32,3
673,suksesi,0.006467991181807541,31,1
674,politik iran,0.006466470046207988,29,2
675,penghormatan,0.006456759588361921,24,1
676,narasi,0.006455892902483448,18,1
677,istri,0.006450129815449594,20,1
678,bebas,0.006435670519603477,26,1
679,ketiga,0.00642357117588183,30,1
680,kekuasaan iran,0.006407196541246239,31,2
681,abbas,0.006389758233299616,26,1
682,runtuh,0.0063796229919188775,25,1
683,berpotensi,0.006354882627842106,34,1
684,iran melaporkan,0.006353789022999403,32,2
685,seyyed,0.006350175826134016,24,1
686,satelit,0.006350141830072583,26,1
687,berupaya,0.006350039032792182,32,1
688,bertugas,0.006346174485919325,33,1
689,serangan udara gabungan,0.0063454319894698874,27,3
690,revolusi islam iran,0.006342308130712236,31,3
691,menjaga,0.006327156886609333,28,1
692,penggunaan,0.006325822479301016,29,1
693,peluang,0.00632580003840665,24,1
694,nasional iran,0.006313888903423149,30,2
695,surat,0.006305440846685769,19,1
696,israel teheran,0.006291793564700599,26,2
697,khamenei putra,0.006290024177898429,34,2
698,times,0.006270264848346138,26,1
699,uni,0.006257715527260461,30,1
700,tanda,0.006257087891562658,23,1
701,kuwait,0.006255608339801516,26,1
702,pilihan,0.006253466035654447,22,1
703,pembicaraan,0.006248365770434113,23,1
704,rezim zionis,0.006230984984726423,25,2
705,anggota majelis,0.006223053408148429,26,2
706,putri menantu,0.006219603101474914,25,2
707,konstitusi,0.00621716347171551,26,1
708,jatuh,0.006214861575379381,29,1
709,kekhawatiran,0.006203618293978381,26,1
710,juta,0.006198788096386764,24,1
711,pendidikan,0.006192927231047014,22,1
712,gelar,0.006168155346926319,23,1
713,berdiri,0.006157913695242089,25,1
714,menuduh,0.006156836422592693,29,1
715,menerima,0.006148472626511584,27,1
716,udara israel,0.0061471979979797,25,2
717,darat,0.006133362796830907,25,1
718,kemampuan,0.006125387358211301,29,1
719,dasar,0.006103996462559242,30,1
720,pakistan,0.0060985375787900855,13,1
721,disiarkan,0.006076591852693256,26,1
722,pemerintah iran mengonfirmasi,0.0060715833914329435,28,3
723,salah orang jahat,0.00605026690407211,30,3
724,jahat sejarah,0.00605026690407211,30,2
725,orang jahat sejarah,0.00605026690407211,30,3
726,orang jahat,0.00605026690407211,30,2
727,kendali,0.0060501724646608145,26,1
728,reza pahlavi,0.006044646255570296,22,2
729,platform,0.006028846724891214,29,1
730,infrastruktur,0.006013493886104963,27,1
731,korban jiwa,0.005997870377594974,30,2
732,mengkonfirmasi,0.005994153348114808,21,1
733,menghentikan,0.005992222255326333,25,1
734,eskalasi konflik,0.005971457192264838,24,2
735,strategi,0.005971363786792622,28,1
736,parlemen,0.005969161263179679,29,1
737,agency,0.005963549111353706,23,1
738,militer amerika,0.005949057856179264,26,2
739,uni emirat,0.005940493594904716,27,2
740,emirat arab,0.005940493594904716,27,2
741,emirat,0.005940493594904716,27,1
742,uni emirat arab,0.005940493594904716,27,3
743,dolar,0.005936505742640156,16,1
744,mentah,0.005921492553017902,21,1
745,penjaga,0.005913793737610892,27,1
746,barel,0.005902311828369001,22,1
747,menandai,0.005869968833624031,27,1
748,prinsip,0.00586488923557726,25,1
749,pengganti khamenei,0.005864733773390447,21,2
750,inggris,0.00585617981102494,18,1
751,pemimpin tertinggi negara,0.00583169063058405,24,3
752,risiko,0.005804916984670251,24,1
753,minyak mentah,0.005771981009604481,20,2
754,menimbulkan,0.005763267237999733,33,1
755,dunia serangan,0.0057533260032634715,22,2
756,membela,0.005730900599242297,21,1
757,damai,0.005723839994057897,24,1
758,demonstrasi,0.005716551433901288,23,1
759,israel fasilitas,0.005678318159520948,30,2
760,qom,0.0056743320827103184,28,1
761,memasuki,0.005662112059532996,21,1
762,menlu,0.005647777389398271,21,1
763,urusan,0.00564718907514793,28,1
764,alasan,0.005636370742801824,24,1
765,pakar iran,0.005630123699893169,18,2
766,ulama senior,0.005623704136687001,28,2
767,personel,0.005605599068072735,22,1
768,keadilan,0.005579987783316119,18,1
769,ketidakpastian,0.005530956569832995,27,1
770,iran menetapkan,0.005519458898447971,25,2
771,figur,0.005518707667390946,26,1
772,militer amerika serikat,0.005508381604798171,24,3
773,peristiwa,0.005504563545373536,21,1
774,sekretaris dewan,0.005467744270910109,25,2
775,bergabung,0.00546607969870996,27,1
776,allah,0.005429645362462059,12,1
777,perundingan,0.005376069238152868,17,1
778,dewan keamanan nasional,0.005362453129639906,25,3
779,majelis pakar iran,0.00535403870964763,16,3
780,arafi,0.005338862478736591,19,1
781,wafat pemimpin,0.005279833240203464,18,2
782,garis keras,0.005251632952307719,27,2
783,minyak dunia,0.005214065515783922,20,2
784,teluk persia,0.005213591185824581,18,2
785,kenaikan,0.005203077809992438,21,1
786,ayatol ruhol,0.005169384081727359,23,2
787,ayatol ruhol khomeini,0.005169384081727359,23,3
788,mendorong,0.005076398638220028,24,1
789,kesepakatan,0.004819998213145212,22,1
790,bahlil,0.00481381393819971,9,1
791,pasar,0.004731308543250465,16,1
792,faktor,0.004724718076938091,17,1
793,bahan,0.00471045482753562,19,1
794,ayat,0.0044804313350420115,11,1
795,baghaei,0.00417831831808263,9,1
796,bbm,0.0036986549445032447,11,1
797,abu,0.003628944882996113,8,1
798,haniyeh,0.003232179637475201,5,1
799,nawas,0.0028041119702434452,3,1
800,mui,0.001557804715792196,3,1
